<people>
    <person id="0">
        <firstname>Margaret</firstname>
        <lastname>Gorman</lastname>
        <birthdate>1905-09-09T18:00:00.000+02:00</birthdate>
        <healthprofile>
            <lastupdate>1921-09-08T18:00:00.000+02:00</lastupdate>
            <weight>48.9</weight>
            <height>1.54</height>
            <bmi>20.6189913982</bmi>
        </healthprofile>
    </person>
    <person id="1">
        <firstname>Mary Catherine</firstname>
        <lastname>Campbell</lastname>
        <birthdate>1906-06-17T18:00:00.000+02:00</birthdate>
        <healthprofile>
            <lastupdate>1922-12-17T18:00:00.000+02:00</lastupdate>
            <weight>63.5</weight>
            <height>1.7</height>
            <bmi>21.9723183391</bmi>
        </healthprofile>
    </person>
    <person id="2">
        <firstname>Ruth</firstname>
        <lastname>Malcomson</lastname>
        <birthdate>1906-03-09T18:00:00.000+02:00</birthdate>
        <healthprofile>
            <lastupdate>1924-11-19T18:00:00.000+02:00</lastupdate>
            <weight>62.1</weight>
            <height>1.67</height>
            <bmi>22.2668435584</bmi>
        </healthprofile>
    </person>
    <person id="3">
        <firstname>Fay</firstname>
        <lastname>Lanphier</lastname>
        <birthdate>1906-06-02T18:00:00.000+02:00</birthdate>
        <healthprofile>
            <lastupdate>1925-03-11T18:00:00.000+02:00</lastupdate>
            <weight>62.5</weight>
            <height>1.67</height>
            <bmi>22.4102692818</bmi>
        </healthprofile>
    </person>
    <person id="4">
        <firstname>Norma</firstname>
        <lastname>Smallwood</lastname>
        <birthdate>1908-04-03T18:00:00.000+02:00</birthdate>
        <healthprofile>
            <lastupdate>1926-06-23T18:00:00.000+02:00</lastupdate>
            <weight>53.5</weight>
            <height>1.62</height>
            <bmi>20.3856119494</bmi>
        </healthprofile>
    </person>
    <person id="5">
        <firstname>Lois</firstname>
        <lastname>Delander</lastname>
        <birthdate>1910-05-28T18:00:00.000+02:00</birthdate>
        <healthprofile>
            <lastupdate>1927-12-14T18:00:00.000+02:00</lastupdate>
            <weight>52.1</weight>
            <height>1.66</height>
            <bmi>18.9069531137</bmi>
        </healthprofile>
    </person>
    <person id="6">
        <firstname>Marian</firstname>
        <lastname>Bergeron</lastname>
        <birthdate>1918-04-20T18:00:00.000+02:00</birthdate>
        <healthprofile>
            <lastupdate>1933-10-12T18:00:00.000+02:00</lastupdate>
            <weight>50.8</weight>
            <height>1.63</height>
            <bmi>19.1200270993</bmi>
        </healthprofile>
    </person>
    <person id="7">
        <firstname>Henrietta</firstname>
        <lastname>Leaver</lastname>
        <birthdate>1918-07-01T18:00:00.000+02:00</birthdate>
        <healthprofile>
            <lastupdate>1935-01-12T18:00:00.000+02:00</lastupdate>
            <weight>54.4</weight>
            <height>1.67</height>
            <bmi>19.5058983829</bmi>
        </healthprofile>
    </person>
    <person id="8">
        <firstname>Rose</firstname>
        <lastname>Coyle</lastname>
        <birthdate>1914-12-23T18:00:00.000+02:00</birthdate>
        <healthprofile>
            <lastupdate>1936-11-02T18:00:00.000+02:00</lastupdate>
            <weight>51.7</weight>
            <height>1.67</height>
            <bmi>18.5377747499</bmi>
        </healthprofile>
    </person>
    <person id="9">
        <firstname>Bette</firstname>
        <lastname>Cooper</lastname>
        <birthdate>1920-12-17T18:00:00.000+02:00</birthdate>
        <healthprofile>
            <lastupdate>1937-02-11T18:00:00.000+02:00</lastupdate>
            <weight>54.4</weight>
            <height>1.68</height>
            <bmi>19.2743764172</bmi>
        </healthprofile>
    </person>
    <person id="10">
        <firstname>Patricia</firstname>
        <lastname>Donnelly</lastname>
        <birthdate>1920-11-08T18:00:00.000+02:00</birthdate>
        <healthprofile>
            <lastupdate>1939-04-01T18:00:00.000+02:00</lastupdate>
            <weight>57.1</weight>
            <height>1.7</height>
            <bmi>19.7577854671</bmi>
        </healthprofile>
    </person>
    <person id="11">
        <firstname>Frances</firstname>
        <lastname>Burke</lastname>
        <birthdate>1921-11-23T18:00:00.000+02:00</birthdate>
        <healthprofile>
            <lastupdate>1940-09-20T18:00:00.000+02:00</lastupdate>
            <weight>54.4</weight>
            <height>1.75</height>
            <bmi>17.7632653061</bmi>
        </healthprofile>
    </person>
    <person id="12">
        <firstname>Rosemary</firstname>
        <lastname>LaPlanche</lastname>
        <birthdate>1923-06-04T18:00:00.000+02:00</birthdate>
        <healthprofile>
            <lastupdate>1941-11-27T18:00:00.000+02:00</lastupdate>
            <weight>54.4</weight>
            <height>1.66</height>
            <bmi>19.7416170707</bmi>
        </healthprofile>
    </person>
    <person id="13">
        <firstname>Jo-Carroll</firstname>
        <lastname>Dennison</lastname>
        <birthdate>1924-09-12T18:00:00.000+02:00</birthdate>
        <healthprofile>
            <lastupdate>1942-08-12T18:00:00.000+02:00</lastupdate>
            <weight>53.5</weight>
            <height>1.65</height>
            <bmi>19.6510560147</bmi>
        </healthprofile>
    </person>
    <person id="14">
        <firstname>Jean</firstname>
        <lastname>Bartel</lastname>
        <birthdate>1924-11-20T18:00:00.000+02:00</birthdate>
        <healthprofile>
            <lastupdate>1943-05-20T18:00:00.000+02:00</lastupdate>
            <weight>58.9</weight>
            <height>1.72</height>
            <bmi>19.9094104922</bmi>
        </healthprofile>
    </person>
    <person id="15">
        <firstname>Venus</firstname>
        <lastname>Ramey</lastname>
        <birthdate>1925-11-14T18:00:00.000+02:00</birthdate>
        <healthprofile>
            <lastupdate>1944-12-02T18:00:00.000+02:00</lastupdate>
            <weight>56.6</weight>
            <height>1.7</height>
            <bmi>19.5847750865</bmi>
        </healthprofile>
    </person>
    <person id="16">
        <firstname>Bess</firstname>
        <lastname>Myerson</lastname>
        <birthdate>1924-04-16T18:00:00.000+02:00</birthdate>
        <healthprofile>
            <lastupdate>1945-02-12T18:00:00.000+02:00</lastupdate>
            <weight>61.2</weight>
            <height>1.77</height>
            <bmi>19.5346164895</bmi>
        </healthprofile>
    </person>
    <person id="17">
        <firstname>Marilyn</firstname>
        <lastname>Buferd</lastname>
        <birthdate>1925-11-21T18:00:00.000+02:00</birthdate>
        <healthprofile>
            <lastupdate>1946-04-27T18:00:00.000+02:00</lastupdate>
            <weight>55.7</weight>
            <height>1.72</height>
            <bmi>18.8277447269</bmi>
        </healthprofile>
    </person>
    <person id="18">
        <firstname>Barbara Jo</firstname>
        <lastname>Walker</lastname>
        <birthdate>1926-03-15T18:00:00.000+02:00</birthdate>
        <healthprofile>
            <lastupdate>1947-07-05T18:00:00.000+02:00</lastupdate>
            <weight>58.9</weight>
            <height>1.7</height>
            <bmi>20.3806228374</bmi>
        </healthprofile>
    </person>
    <person id="19">
        <firstname>Bebe</firstname>
        <lastname>Shopp</lastname>
        <birthdate>1930-12-20T18:00:00.000+02:00</birthdate>
        <healthprofile>
            <lastupdate>1948-04-06T18:00:00.000+02:00</lastupdate>
            <weight>63.5</weight>
            <height>1.75</height>
            <bmi>20.7346938776</bmi>
        </healthprofile>
    </person>
    <person id="20">
        <firstname>Jacque</firstname>
        <lastname>Mercer</lastname>
        <birthdate>1931-11-21T18:00:00.000+02:00</birthdate>
        <healthprofile>
            <lastupdate>1949-07-18T18:00:00.000+02:00</lastupdate>
            <weight>48.0</weight>
            <height>1.6</height>
            <bmi>18.75</bmi>
        </healthprofile>
    </person>
    <person id="21">
        <firstname>Colleen</firstname>
        <lastname>Hutchins</lastname>
        <birthdate>1927-08-24T18:00:00.000+02:00</birthdate>
        <healthprofile>
            <lastupdate>1952-04-26T18:00:00.000+02:00</lastupdate>
            <weight>64.8</weight>
            <height>1.77</height>
            <bmi>20.6837115771</bmi>
        </healthprofile>
    </person>
    <person id="22">
        <firstname>Neva Jane</firstname>
        <lastname>Langley</lastname>
        <birthdate>1934-07-04T18:00:00.000+02:00</birthdate>
        <healthprofile>
            <lastupdate>1953-05-06T18:00:00.000+02:00</lastupdate>
            <weight>53.5</weight>
            <height>1.68</height>
            <bmi>18.9554988662</bmi>
        </healthprofile>
    </person>
    <person id="23">
        <firstname>Evelyn</firstname>
        <lastname>Ay</lastname>
        <birthdate>1934-02-15T18:00:00.000+02:00</birthdate>
        <healthprofile>
            <lastupdate>1954-08-23T18:00:00.000+02:00</lastupdate>
            <weight>59.8</weight>
            <height>1.72</height>
            <bmi>20.2136289886</bmi>
        </healthprofile>
    </person>
    <person id="24">
        <firstname>Lee</firstname>
        <lastname>Meriwether</lastname>
        <birthdate>1936-10-18T18:00:00.000+02:00</birthdate>
        <healthprofile>
            <lastupdate>1955-09-22T18:00:00.000+02:00</lastupdate>
            <weight>56.2</weight>
            <height>1.73</height>
            <bmi>18.7777740653</bmi>
        </healthprofile>
    </person>
    <person id="25">
        <firstname>Sharon</firstname>
        <lastname>Ritchie</lastname>
        <birthdate>1938-03-19T18:00:00.000+02:00</birthdate>
        <healthprofile>
            <lastupdate>1956-08-28T18:00:00.000+02:00</lastupdate>
            <weight>52.6</weight>
            <height>1.67</height>
            <bmi>18.8604826276</bmi>
        </healthprofile>
    </person>
    <person id="26">
        <firstname>Marian</firstname>
        <lastname>McKnight</lastname>
        <birthdate>1938-09-05T18:00:00.000+02:00</birthdate>
        <healthprofile>
            <lastupdate>1957-05-02T18:00:00.000+02:00</lastupdate>
            <weight>54.4</weight>
            <height>1.65</height>
            <bmi>19.9816345271</bmi>
        </healthprofile>
    </person>
    <person id="27">
        <firstname>Marilyn</firstname>
        <lastname>Van Derbur</lastname>
        <birthdate>1938-11-14T18:00:00.000+02:00</birthdate>
        <healthprofile>
            <lastupdate>1958-12-21T18:00:00.000+02:00</lastupdate>
            <weight>58.9</weight>
            <height>1.73</height>
            <bmi>19.6799091182</bmi>
        </healthprofile>
    </person>
    <person id="28">
        <firstname>Mary Ann</firstname>
        <lastname>Mobley</lastname>
        <birthdate>1938-02-18T18:00:00.000+02:00</birthdate>
        <healthprofile>
            <lastupdate>1959-12-14T18:00:00.000+02:00</lastupdate>
            <weight>51.7</weight>
            <height>1.65</height>
            <bmi>18.9898989899</bmi>
        </healthprofile>
    </person>
    <person id="29">
        <firstname>Lynda</firstname>
        <lastname>Mead</lastname>
        <birthdate>1940-07-06T18:00:00.000+02:00</birthdate>
        <healthprofile>
            <lastupdate>1960-03-06T18:00:00.000+02:00</lastupdate>
            <weight>54.4</weight>
            <height>1.7</height>
            <bmi>18.8235294118</bmi>
        </healthprofile>
    </person>
    <person id="30">
        <firstname>Nancy</firstname>
        <lastname>Fleming</lastname>
        <birthdate>1943-02-24T18:00:00.000+02:00</birthdate>
        <healthprofile>
            <lastupdate>1961-10-11T18:00:00.000+02:00</lastupdate>
            <weight>52.6</weight>
            <height>1.67</height>
            <bmi>18.8604826276</bmi>
        </healthprofile>
    </person>
    <person id="31">
        <firstname>Maria</firstname>
        <lastname>Fletcher</lastname>
        <birthdate>1943-05-20T18:00:00.000+02:00</birthdate>
        <healthprofile>
            <lastupdate>1962-05-10T18:00:00.000+02:00</lastupdate>
            <weight>53.5</weight>
            <height>1.66</height>
            <bmi>19.4150094353</bmi>
        </healthprofile>
    </person>
    <person id="32">
        <firstname>Jacquelyn</firstname>
        <lastname>Mayer</lastname>
        <birthdate>1943-05-28T18:00:00.000+02:00</birthdate>
        <healthprofile>
            <lastupdate>1963-01-25T18:00:00.000+02:00</lastupdate>
            <weight>52.1</weight>
            <height>1.65</height>
            <bmi>19.1368227732</bmi>
        </healthprofile>
    </person>
    <person id="33">
        <firstname>Donna</firstname>
        <lastname>Axum</lastname>
        <birthdate>1943-08-01T18:00:00.000+02:00</birthdate>
        <healthprofile>
            <lastupdate>1964-09-27T18:00:00.000+02:00</lastupdate>
            <weight>56.2</weight>
            <height>1.68</height>
            <bmi>19.9121315193</bmi>
        </healthprofile>
    </person>
    <person id="34">
        <firstname>Vonda Kay</firstname>
        <lastname>Van Dyke</lastname>
        <birthdate>1944-09-09T18:00:00.000+02:00</birthdate>
        <healthprofile>
            <lastupdate>1965-11-10T18:00:00.000+02:00</lastupdate>
            <weight>56.2</weight>
            <height>1.67</height>
            <bmi>20.1513141382</bmi>
        </healthprofile>
    </person>
    <person id="35">
        <firstname>Deborah</firstname>
        <lastname>Bryant</lastname>
        <birthdate>1947-12-16T18:00:00.000+02:00</birthdate>
        <healthprofile>
            <lastupdate>1966-04-15T18:00:00.000+02:00</lastupdate>
            <weight>52.1</weight>
            <height>1.7</height>
            <bmi>18.0276816609</bmi>
        </healthprofile>
    </person>
    <person id="36">
        <firstname>Jane</firstname>
        <lastname>Jayroe</lastname>
        <birthdate>1948-04-09T18:00:00.000+02:00</birthdate>
        <healthprofile>
            <lastupdate>1967-03-23T18:00:00.000+02:00</lastupdate>
            <weight>52.6</weight>
            <height>1.67</height>
            <bmi>18.8604826276</bmi>
        </healthprofile>
    </person>
    <person id="37">
        <firstname>Debra</firstname>
        <lastname>Barnes</lastname>
        <birthdate>1948-12-10T18:00:00.000+02:00</birthdate>
        <healthprofile>
            <lastupdate>1968-06-21T18:00:00.000+02:00</lastupdate>
            <weight>61.2</weight>
            <height>1.75</height>
            <bmi>19.9836734694</bmi>
        </healthprofile>
    </person>
    <person id="38">
        <firstname>Judith</firstname>
        <lastname>Ford</lastname>
        <birthdate>1951-04-27T18:00:00.000+02:00</birthdate>
        <healthprofile>
            <lastupdate>1969-06-15T18:00:00.000+02:00</lastupdate>
            <weight>56.6</weight>
            <height>1.7</height>
            <bmi>19.5847750865</bmi>
        </healthprofile>
    </person>
    <person id="39">
        <firstname>Pam</firstname>
        <lastname>Eldred</lastname>
        <birthdate>1949-03-06T18:00:00.000+02:00</birthdate>
        <healthprofile>
            <lastupdate>1970-11-25T18:00:00.000+02:00</lastupdate>
            <weight>49.8</weight>
            <height>1.66</height>
            <bmi>18.0722891566</bmi>
        </healthprofile>
    </person>
    <person id="40">
        <firstname>Phyllis</firstname>
        <lastname>George</lastname>
        <birthdate>1950-09-10T18:00:00.000+02:00</birthdate>
        <healthprofile>
            <lastupdate>1971-12-25T18:00:00.000+02:00</lastupdate>
            <weight>54.8</weight>
            <height>1.72</height>
            <bmi>18.5235262304</bmi>
        </healthprofile>
    </person>
    <person id="41">
        <firstname>Laurel Lea</firstname>
        <lastname>Schaefer</lastname>
        <birthdate>1950-10-26T18:00:00.000+02:00</birthdate>
        <healthprofile>
            <lastupdate>1972-03-11T18:00:00.000+02:00</lastupdate>
            <weight>53.5</weight>
            <height>1.7</height>
            <bmi>18.5121107266</bmi>
        </healthprofile>
    </person>
    <person id="42">
        <firstname>Terry</firstname>
        <lastname>Meeuwsen</lastname>
        <birthdate>1950-05-16T18:00:00.000+02:00</birthdate>
        <healthprofile>
            <lastupdate>1973-07-07T18:00:00.000+02:00</lastupdate>
            <weight>54.4</weight>
            <height>1.72</height>
            <bmi>18.3883180097</bmi>
        </healthprofile>
    </person>
    <person id="43">
        <firstname>Rebecca</firstname>
        <lastname>King</lastname>
        <birthdate>1951-05-12T18:00:00.000+02:00</birthdate>
        <healthprofile>
            <lastupdate>1974-12-06T18:00:00.000+02:00</lastupdate>
            <weight>56.6</weight>
            <height>1.75</height>
            <bmi>18.4816326531</bmi>
        </healthprofile>
    </person>
    <person id="44">
        <firstname>Shirley</firstname>
        <lastname>Cothran</lastname>
        <birthdate>1954-07-26T18:00:00.000+02:00</birthdate>
        <healthprofile>
            <lastupdate>1975-04-12T18:00:00.000+02:00</lastupdate>
            <weight>53.9</weight>
            <height>1.72</height>
            <bmi>18.2193077339</bmi>
        </healthprofile>
    </person>
    <person id="45">
        <firstname>Tawny</firstname>
        <lastname>Godin</lastname>
        <birthdate>1958-10-08T18:00:00.000+02:00</birthdate>
        <healthprofile>
            <lastupdate>1976-06-26T18:00:00.000+02:00</lastupdate>
            <weight>58.0</weight>
            <height>1.77</height>
            <bmi>18.5131986339</bmi>
        </healthprofile>
    </person>
    <person id="46">
        <firstname>Dorothy</firstname>
        <lastname>Benham</lastname>
        <birthdate>1957-11-17T18:00:00.000+02:00</birthdate>
        <healthprofile>
            <lastupdate>1977-02-24T18:00:00.000+02:00</lastupdate>
            <weight>54.4</weight>
            <height>1.7</height>
            <bmi>18.8235294118</bmi>
        </healthprofile>
    </person>
    <person id="47">
        <firstname>Susan</firstname>
        <lastname>Perkins</lastname>
        <birthdate>1955-11-24T18:00:00.000+02:00</birthdate>
        <healthprofile>
            <lastupdate>1978-03-16T18:00:00.000+02:00</lastupdate>
            <weight>47.6</weight>
            <height>1.65</height>
            <bmi>17.4839302112</bmi>
        </healthprofile>
    </person>
    <person id="48">
        <firstname>Kylene</firstname>
        <lastname>Barker</lastname>
        <birthdate>1957-12-15T18:00:00.000+02:00</birthdate>
        <healthprofile>
            <lastupdate>1979-06-17T18:00:00.000+02:00</lastupdate>
            <weight>48.9</weight>
            <height>1.62</height>
            <bmi>18.6328303612</bmi>
        </healthprofile>
    </person>
    <person id="49">
        <firstname>Cheryl</firstname>
        <lastname>Prewitt</lastname>
        <birthdate>1958-02-10T18:00:00.000+02:00</birthdate>
        <healthprofile>
            <lastupdate>1980-05-12T18:00:00.000+02:00</lastupdate>
            <weight>51.7</weight>
            <height>1.7</height>
            <bmi>17.8892733564</bmi>
        </healthprofile>
    </person>
    <person id="50">
        <firstname>Susan</firstname>
        <lastname>Powell</lastname>
        <birthdate>1960-10-04T18:00:00.000+02:00</birthdate>
        <healthprofile>
            <lastupdate>1981-03-12T18:00:00.000+02:00</lastupdate>
            <weight>49.8</weight>
            <height>1.62</height>
            <bmi>18.9757658893</bmi>
        </healthprofile>
    </person>
    <person id="51">
        <firstname>Elizabeth</firstname>
        <lastname>Ward</lastname>
        <birthdate>1962-02-07T18:00:00.000+02:00</birthdate>
        <healthprofile>
            <lastupdate>1982-08-10T18:00:00.000+02:00</lastupdate>
            <weight>58.5</weight>
            <height>1.75</height>
            <bmi>19.1020408163</bmi>
        </healthprofile>
    </person>
    <person id="52">
        <firstname>Debra</firstname>
        <lastname>Maffett</lastname>
        <birthdate>1958-01-28T18:00:00.000+02:00</birthdate>
        <healthprofile>
            <lastupdate>1983-10-28T18:00:00.000+02:00</lastupdate>
            <weight>52.1</weight>
            <height>1.7</height>
            <bmi>18.0276816609</bmi>
        </healthprofile>
    </person>
    <person id="53">
        <firstname>Vanessa</firstname>
        <lastname>Williams</lastname>
        <birthdate>1964-05-19T18:00:00.000+02:00</birthdate>
        <healthprofile>
            <lastupdate>1984-05-19T18:00:00.000+02:00</lastupdate>
            <weight>49.8</weight>
            <height>1.67</height>
            <bmi>17.8565025637</bmi>
        </healthprofile>
    </person>
    <person id="54">
        <firstname>Suzette</firstname>
        <lastname>Charles</lastname>
        <birthdate>1964-03-02T18:00:00.000+02:00</birthdate>
        <healthprofile>
            <lastupdate>1984-10-03T18:00:00.000+02:00</lastupdate>
            <weight>45.3</weight>
            <height>1.6</height>
            <bmi>17.6953125</bmi>
        </healthprofile>
    </person>
    <person id="55">
        <firstname>Sharlene</firstname>
        <lastname>Wells</lastname>
        <birthdate>1965-08-24T18:00:00.000+02:00</birthdate>
        <healthprofile>
            <lastupdate>1985-09-02T18:00:00.000+02:00</lastupdate>
            <weight>54.4</weight>
            <height>1.72</height>
            <bmi>18.3883180097</bmi>
        </healthprofile>
    </person>
    <person id="56">
        <firstname>Susan</firstname>
        <lastname>Akin</lastname>
        <birthdate>1965-08-25T18:00:00.000+02:00</birthdate>
        <healthprofile>
            <lastupdate>1986-09-05T18:00:00.000+02:00</lastupdate>
            <weight>51.7</weight>
            <height>1.75</height>
            <bmi>16.8816326531</bmi>
        </healthprofile>
    </person>
    <person id="57">
        <firstname>Kellye</firstname>
        <lastname>Cash</lastname>
        <birthdate>1966-11-09T18:00:00.000+02:00</birthdate>
        <healthprofile>
            <lastupdate>1987-01-18T18:00:00.000+02:00</lastupdate>
            <weight>52.6</weight>
            <height>1.72</height>
            <bmi>17.7798810168</bmi>
        </healthprofile>
    </person>
    <person id="58">
        <firstname>Kaye Lani Rae</firstname>
        <lastname>Rafko</lastname>
        <birthdate>1964-12-20T18:00:00.000+02:00</birthdate>
        <healthprofile>
            <lastupdate>1988-04-15T18:00:00.000+02:00</lastupdate>
            <weight>59.4</weight>
            <height>1.77</height>
            <bmi>18.9600689457</bmi>
        </healthprofile>
    </person>
    <person id="59">
        <firstname>Gretchen</firstname>
        <lastname>Carlson</lastname>
        <birthdate>1967-06-05T18:00:00.000+02:00</birthdate>
        <healthprofile>
            <lastupdate>1989-08-19T18:00:00.000+02:00</lastupdate>
            <weight>48.9</weight>
            <height>1.6</height>
            <bmi>19.1015625</bmi>
        </healthprofile>
    </person>
    <person id="60">
        <firstname>Debbye</firstname>
        <lastname>Turner</lastname>
        <birthdate>1967-02-08T18:00:00.000+02:00</birthdate>
        <healthprofile>
            <lastupdate>1990-11-08T18:00:00.000+02:00</lastupdate>
            <weight>53.5</weight>
            <height>1.72</height>
            <bmi>18.0840995133</bmi>
        </healthprofile>
    </person>
    <person id="61">
        <firstname>Marjorie</firstname>
        <lastname>Vincent</lastname>
        <birthdate>1966-10-16T18:00:00.000+02:00</birthdate>
        <healthprofile>
            <lastupdate>1991-12-18T18:00:00.000+02:00</lastupdate>
            <weight>49.8</weight>
            <height>1.67</height>
            <bmi>17.8565025637</bmi>
        </healthprofile>
    </person>
    <person id="62">
        <firstname>Kate</firstname>
        <lastname>Shindle</lastname>
        <birthdate>1977-03-10T18:00:00.000+02:00</birthdate>
        <healthprofile>
            <lastupdate>1998-01-03T18:00:00.000+02:00</lastupdate>
            <weight>65.7</weight>
            <height>1.8</height>
            <bmi>20.2777777778</bmi>
        </healthprofile>
    </person>
    <person id="63">
        <firstname>Nicole</firstname>
        <lastname>Johnson</lastname>
        <birthdate>1975-06-18T18:00:00.000+02:00</birthdate>
        <healthprofile>
            <lastupdate>1999-01-20T18:00:00.000+02:00</lastupdate>
            <weight>60.3</weight>
            <height>1.75</height>
            <bmi>19.6897959184</bmi>
        </healthprofile>
    </person>
    <person id="64">
        <firstname>Angela</firstname>
        <lastname>Perez Baraquio</lastname>
        <birthdate>1977-12-03T18:00:00.000+02:00</birthdate>
        <healthprofile>
            <lastupdate>2001-05-22T18:00:00.000+02:00</lastupdate>
            <weight>53.5</weight>
            <height>1.62</height>
            <bmi>20.3856119494</bmi>
        </healthprofile>
    </person>
    <person id="65">
        <firstname>Katie</firstname>
        <lastname>Harman</lastname>
        <birthdate>1981-12-05T18:00:00.000+02:00</birthdate>
        <healthprofile>
            <lastupdate>2002-01-26T18:00:00.000+02:00</lastupdate>
            <weight>49.8</weight>
            <height>1.6</height>
            <bmi>19.453125</bmi>
        </healthprofile>
    </person>
</people>